{"traducciones":[{"ingles":"hello","espanol":"hola","frances":"salut"},{"ingles":"goodbye","espanol":"adios","frances":"adieu"},{"ingles":"food","espanol":"comida","frances":"aliments"},{"ingles":"head","espanol":"cabeza","frances":"tete"},{"ingles":"kiss","espanol":"beso","frances":"embrasser"},{"ingles":"fool","espanol":"tonto","frances":"bete"},{"ingles":"house","espanol":"casa","frances":"maison"},{"ingles":"eyes","espanol":"ojos","frances":"les"},{"ingles":"tall","espanol":"alto","frances":"haut"},{"ingles":"erase","espanol":"borrar","frances":"effacer"},{"ingles":"now","espanol":"ahora","frances":"à présent"},{"ingles":"up","espanol":"arriba","frances":"en haut"},{"ingles":"plus","espanol":"mas","frances":"plus"},{"ingles":"sings","espanol":"canta","frances":"chante"},{"ingles":"search","espanol":"buscar","frances":"chercher"},{"ingles":"mother","espanol":"mama","frances":"maman"},{"ingles":"any","espanol":"nada","frances":"n'importe quel"},{"ingles":"dog","espanol":"perro","frances":"chien"},{"ingles":"cat","espanol":"gato","frances":"chat"},{"ingles":"mouse","espanol":"raton","frances":"souris"},{"ingles":"forgiveness","espanol":"perdon","frances":"Pardon"},{"ingles":"down","espanol":"abajp","frances":"vers le bas"},{"ingles":"Courage","espanol":"animo","frances":"Courage"},{"ingles":"laughter","espanol":"risa","frances":"rire"},{"ingles":"hug","espanol":"abrazo","frances":"étreinte"},{"ingles":"back","espanol":"atras","frances":"derrière"},{"ingles":"ahead","espanol":"adelante","frances":""}]}